chain, residue_label, residue_name, score, zscore, probability, pocket
A,    4, ARG,  3.1526,   1.3778,   0.6344, 4
A,    5, LYS,  1.3899,   0.3953,   0.2508, 9
A,    6, MET,  0.6695,  -0.0063,   0.0637, 0
A,    7, ALA,  0.2665,  -0.2309,   0.0113, 0
A,    8, PHE,  0.7795,   0.0550,   0.0866, 0
A,    9, PRO,  0.6920,   0.0063,   0.0681, 0
A,   10, SER,  0.0565,  -0.3480,   0.0012, 0
A,   11, GLY,  0.3263,  -0.1976,   0.0163, 0
A,   12, LYS,  0.7215,   0.0227,   0.0741, 0
A,   13, VAL,  0.0328,  -0.3612,   0.0007, 0
A,   14, GLU,  1.0367,   0.1984,   0.1508, 11
A,   15, GLY,  0.6512,  -0.0165,   0.0602, 11
A,   16, CYS,  0.3399,  -0.1900,   0.0176, 0
A,   17, MET,  0.4370,  -0.1359,   0.0279, 11
A,   18, VAL,  0.4136,  -0.1489,   0.0251, 11
A,   19, GLN,  0.1633,  -0.2884,   0.0049, 0
A,   20, VAL,  0.0046,  -0.3769,   0.0003, 0
A,   21, THR,  0.0677,  -0.3417,   0.0014, 0
A,   22, CYS,  0.1426,  -0.3000,   0.0040, 0
A,   23, GLY,  0.1593,  -0.2907,   0.0047, 0
A,   24, THR,  0.1280,  -0.3081,   0.0034, 0
A,   25, THR,  0.6365,  -0.0247,   0.0576, 5
A,   26, THR,  0.2319,  -0.2502,   0.0088, 5
A,   27, LEU,  0.3920,  -0.1610,   0.0227, 5
A,   28, ASN,  0.0459,  -0.3539,   0.0009, 0
A,   29, GLY,  0.0000,  -0.3795,   0.0002, 0
A,   30, LEU,  0.0000,  -0.3795,   0.0002, 0
A,   31, TRP,  0.4762,  -0.1140,   0.0327, 11
A,   32, LEU,  0.5339,  -0.0819,   0.0409, 0
A,   33, ASP,  0.1951,  -0.2707,   0.0066, 0
A,   34, ASP,  0.0225,  -0.3669,   0.0005, 0
A,   35, VAL,  0.1701,  -0.2846,   0.0053, 0
A,   36, VAL,  0.0000,  -0.3795,   0.0002, 0
A,   37, TYR,  0.7213,   0.0226,   0.0741, 0
A,   38, CYS,  0.0000,  -0.3795,   0.0002, 0
A,   39, PRO,  0.0000,  -0.3795,   0.0002, 0
A,   40, ARG,  0.6160,  -0.0361,   0.0540, 0
A,   41, HIS,  1.3161,   0.3541,   0.2296, 5
A,   42, VAL,  0.2660,  -0.2312,   0.0113, 0
A,   43, ILE,  0.0432,  -0.3554,   0.0009, 0
A,   44, CYS,  0.2577,  -0.2358,   0.0106, 5
A,   45, THR,  0.1940,  -0.2713,   0.0065, 5
A,   46, SER,  0.0604,  -0.3458,   0.0012, 0
A,   47, GLU,  0.0146,  -0.3713,   0.0004, 0
A,   48, ASP,  0.0591,  -0.3465,   0.0012, 0
A,   49, MET,  1.1111,   0.2399,   0.1713, 5
A,   50, LEU,  0.0217,  -0.3674,   0.0005, 0
A,   51, ASN,  0.0175,  -0.3697,   0.0005, 0
A,   52, PRO,  0.0985,  -0.3245,   0.0023, 0
A,   53, ASN,  0.0088,  -0.3746,   0.0003, 0
A,   54, TYR,  0.2724,  -0.2276,   0.0117, 0
A,   55, GLU,  0.0591,  -0.3465,   0.0012, 0
A,   56, ASP,  0.0078,  -0.3751,   0.0003, 0
A,   57, LEU,  0.0232,  -0.3666,   0.0005, 0
A,   58, LEU,  0.0717,  -0.3395,   0.0015, 0
A,   59, ILE,  0.0395,  -0.3574,   0.0008, 0
A,   60, ARG,  0.0604,  -0.3458,   0.0012, 0
A,   61, LYS,  0.1344,  -0.3045,   0.0036, 0
A,   62, SER,  0.0198,  -0.3684,   0.0005, 0
A,   63, ASN,  0.0493,  -0.3520,   0.0010, 0
A,   64, HIS,  0.0630,  -0.3444,   0.0013, 0
A,   65, ASN,  0.0977,  -0.3250,   0.0023, 0
A,   66, PHE,  0.0245,  -0.3658,   0.0006, 0
A,   67, LEU,  0.0725,  -0.3391,   0.0015, 0
A,   68, VAL,  0.0089,  -0.3745,   0.0003, 0
A,   69, GLN,  0.1368,  -0.3032,   0.0037, 0
A,   70, ALA,  0.6142,  -0.0371,   0.0537, 11
A,   71, GLY,  0.5225,  -0.0882,   0.0392, 11
A,   72, ASN,  0.0921,  -0.3282,   0.0021, 0
A,   73, VAL,  0.1588,  -0.2909,   0.0047, 0
A,   74, GLN,  0.0978,  -0.3250,   0.0023, 0
A,   75, LEU,  0.1678,  -0.2859,   0.0051, 0
A,   76, ARG,  0.0766,  -0.3368,   0.0016, 0
A,   77, VAL,  0.0408,  -0.3567,   0.0008, 0
A,   78, ILE,  0.0459,  -0.3539,   0.0009, 0
A,   79, GLY,  0.0341,  -0.3604,   0.0007, 0
A,   80, HIS,  0.0531,  -0.3499,   0.0011, 0
A,   81, SER,  0.0998,  -0.3238,   0.0023, 0
A,   82, MET,  0.1032,  -0.3219,   0.0024, 0
A,   83, GLN,  0.2181,  -0.2579,   0.0080, 0
A,   84, ASN,  0.5502,  -0.0728,   0.0433, 0
A,   85, CYS,  0.6266,  -0.0302,   0.0559, 0
A,   86, VAL,  0.0037,  -0.3774,   0.0003, 0
A,   87, LEU,  0.0000,  -0.3795,   0.0002, 0
A,   88, LYS,  0.2165,  -0.2588,   0.0078, 0
A,   89, LEU,  0.0050,  -0.3767,   0.0003, 0
A,   90, LYS,  0.0218,  -0.3673,   0.0005, 0
A,   91, VAL,  0.0004,  -0.3792,   0.0002, 0
A,   92, ASP,  0.0094,  -0.3742,   0.0003, 0
A,   93, THR,  0.1384,  -0.3023,   0.0038, 0
A,   94, ALA,  0.0321,  -0.3616,   0.0007, 0
A,   95, ASN,  0.3669,  -0.1750,   0.0201, 11
A,   96, PRO,  0.1218,  -0.3116,   0.0031, 11
A,   97, LYS,  0.7218,   0.0229,   0.0742, 11
A,   98, THR,  0.0313,  -0.3620,   0.0007, 0
A,   99, PRO,  0.0401,  -0.3571,   0.0008, 0
A,  100, LYS,  0.0911,  -0.3287,   0.0021, 0
A,  101, TYR,  0.6980,   0.0096,   0.0693, 0
A,  102, LYS,  0.1631,  -0.2885,   0.0049, 0
A,  103, PHE,  0.6793,  -0.0008,   0.0656, 0
A,  104, VAL,  0.2776,  -0.2247,   0.0121, 7
A,  105, ARG,  0.2185,  -0.2577,   0.0080, 0
A,  106, ILE,  0.3339,  -0.1933,   0.0170, 7
A,  107, GLN,  0.1507,  -0.2954,   0.0044, 3
A,  108, PRO,  1.4181,   0.4110,   0.2591, 3
A,  109, GLY,  1.4676,   0.4386,   0.2734, 3
A,  110, GLN,  1.5101,   0.4623,   0.2855, 3
A,  111, THR,  0.7594,   0.0438,   0.0821, 7
A,  112, PHE,  0.2276,  -0.2526,   0.0086, 0
A,  113, SER,  0.0000,  -0.3795,   0.0002, 0
A,  114, VAL,  0.1569,  -0.2920,   0.0046, 0
A,  115, LEU,  0.0169,  -0.3701,   0.0004, 0
A,  116, ALA,  0.6605,  -0.0113,   0.0620, 0
A,  117, CYS,  0.4059,  -0.1532,   0.0242, 0
A,  118, TYR,  1.0539,   0.2080,   0.1554, 10
A,  119, ASN,  0.1642,  -0.2879,   0.0050, 0
A,  120, GLY,  0.2019,  -0.2669,   0.0070, 0
A,  121, SER,  0.5819,  -0.0551,   0.0484, 0
A,  122, PRO,  0.6407,  -0.0224,   0.0583, 0
A,  123, SER,  1.1714,   0.2735,   0.1882, 8
A,  124, GLY,  0.2532,  -0.2384,   0.0103, 8
A,  125, VAL,  0.0933,  -0.3274,   0.0021, 0
A,  126, TYR,  0.9489,   0.1495,   0.1275, 0
A,  127, GLN,  0.6766,  -0.0023,   0.0651, 0
A,  128, CYS,  0.1687,  -0.2854,   0.0052, 0
A,  129, ALA,  0.0009,  -0.3790,   0.0002, 0
A,  130, MET,  0.0050,  -0.3767,   0.0003, 0
A,  131, ARG,  0.9010,   0.1228,   0.1154, 0
A,  132, PRO,  0.1359,  -0.3037,   0.0037, 3
A,  133, ASN,  0.0780,  -0.3360,   0.0017, 0
A,  134, PHE,  0.1854,  -0.2761,   0.0060, 0
A,  135, THR,  0.0443,  -0.3548,   0.0009, 0
A,  136, ILE,  0.1885,  -0.2744,   0.0062, 0
A,  137, LYS,  1.3830,   0.3914,   0.2488, 0
A,  138, GLY,  0.5933,  -0.0487,   0.0502, 0
A,  139, SER,  1.2134,   0.2969,   0.2002, 10
A,  140, PHE,  1.0995,   0.2334,   0.1680, 10
A,  141, LEU,  0.9393,   0.1441,   0.1251, 10
A,  142, ASN,  0.9628,   0.1572,   0.1312, 5
A,  143, GLY,  0.1955,  -0.2705,   0.0066, 0
A,  144, SER,  0.7062,   0.0141,   0.0709, 0
A,  145, CYS,  1.3408,   0.3679,   0.2366, 5
A,  146, GLY,  0.0000,  -0.3795,   0.0002, 0
A,  147, SER,  0.0000,  -0.3795,   0.0002, 0
A,  148, VAL,  0.0000,  -0.3795,   0.0002, 0
A,  149, GLY,  0.0000,  -0.3795,   0.0002, 0
A,  150, PHE,  0.1556,  -0.2927,   0.0046, 0
A,  151, ASN,  0.7510,   0.0391,   0.0803, 7
A,  152, ILE,  0.6425,  -0.0213,   0.0587, 7
A,  153, ASP,  0.5721,  -0.0606,   0.0468, 7
A,  154, TYR,  0.2432,  -0.2439,   0.0096, 0
A,  155, ASP,  0.2277,  -0.2525,   0.0086, 0
A,  156, CYS,  0.1375,  -0.3028,   0.0038, 0
A,  157, VAL,  0.0000,  -0.3795,   0.0002, 0
A,  158, SER,  0.2576,  -0.2359,   0.0106, 7
A,  159, PHE,  0.0386,  -0.3579,   0.0008, 0
A,  160, CYS,  0.2284,  -0.2522,   0.0086, 0
A,  161, TYR,  0.1569,  -0.2920,   0.0046, 0
A,  162, MET,  0.0000,  -0.3795,   0.0002, 0
A,  163, HIS,  0.1164,  -0.3146,   0.0029, 0
A,  164, HIS,  1.1331,   0.2522,   0.1774, 5
A,  165, MET,  1.0789,   0.2219,   0.1623, 5
A,  166, GLU,  0.9915,   0.1732,   0.1387, 5
A,  167, LEU,  0.1301,  -0.3070,   0.0035, 0
A,  168, PRO,  0.0181,  -0.3694,   0.0005, 0
A,  169, THR,  0.1098,  -0.3183,   0.0027, 0
A,  170, GLY,  0.1512,  -0.2952,   0.0044, 0
A,  171, VAL,  0.1331,  -0.3052,   0.0036, 0
A,  172, HIS,  0.2703,  -0.2288,   0.0116, 0
A,  173, ALA,  0.0681,  -0.3415,   0.0014, 0
A,  174, GLY,  0.0000,  -0.3795,   0.0002, 0
A,  175, THR,  0.0616,  -0.3451,   0.0013, 0
A,  176, ASP,  0.0429,  -0.3556,   0.0009, 0
A,  177, LEU,  0.0104,  -0.3737,   0.0004, 0
A,  178, GLU,  0.1012,  -0.3231,   0.0024, 0
A,  179, GLY,  0.4078,  -0.1522,   0.0244, 0
A,  180, ASN,  0.2623,  -0.2333,   0.0110, 0
A,  181, PHE,  0.6121,  -0.0383,   0.0533, 0
A,  182, TYR,  0.0857,  -0.3317,   0.0019, 0
A,  183, GLY,  0.1457,  -0.2983,   0.0041, 0
A,  184, PRO,  0.0984,  -0.3246,   0.0023, 0
A,  185, PHE,  0.3316,  -0.1946,   0.0168, 0
A,  186, VAL,  0.5142,  -0.0929,   0.0379, 0
A,  187, ASP,  0.6127,  -0.0380,   0.0534, 0
A,  188, ARG,  0.1812,  -0.2784,   0.0058, 0
A,  189, GLN,  0.2952,  -0.2149,   0.0136, 5
A,  190, THR,  0.0175,  -0.3697,   0.0005, 0
A,  191, ALA,  0.0059,  -0.3762,   0.0003, 0
A,  192, GLN,  0.0853,  -0.3319,   0.0019, 0
A,  193, ALA,  0.0095,  -0.3742,   0.0003, 0
A,  194, ALA,  0.0595,  -0.3463,   0.0012, 0
A,  195, GLY,  0.0507,  -0.3512,   0.0010, 0
A,  196, THR,  0.0343,  -0.3603,   0.0007, 0
A,  197, ASP,  0.4263,  -0.1418,   0.0266, 0
A,  198, THR,  0.4190,  -0.1459,   0.0257, 0
A,  199, THR,  1.1014,   0.2345,   0.1686, 0
A,  200, ILE,  1.4756,   0.4430,   0.2757, 3
A,  201, THR,  0.4325,  -0.1384,   0.0273, 3
A,  202, VAL,  1.8180,   0.6339,   0.3683, 3
A,  203, ASN,  1.3795,   0.3895,   0.2478, 3
A,  204, VAL,  0.1598,  -0.2904,   0.0048, 0
A,  205, LEU,  0.0000,  -0.3795,   0.0002, 0
A,  206, ALA,  0.0066,  -0.3758,   0.0003, 0
A,  207, TRP,  1.5985,   0.5115,   0.3099, 9
A,  208, LEU,  0.0000,  -0.3795,   0.0002, 0
A,  209, TYR,  0.0020,  -0.3784,   0.0003, 0
A,  210, ALA,  1.8511,   0.6523,   0.3768, 6
A,  211, ALA,  1.3437,   0.3695,   0.2374, 0
A,  212, VAL,  0.0240,  -0.3661,   0.0005, 0
A,  213, ILE,  0.2459,  -0.2424,   0.0098, 0
A,  214, ASN,  2.0955,   0.7886,   0.4355, 6
A,  215, GLY,  0.0196,  -0.3686,   0.0005, 0
A,  216, ASP,  0.0576,  -0.3474,   0.0012, 0
A,  217, ARG,  0.0482,  -0.3526,   0.0010, 0
A,  218, TRP,  0.0987,  -0.3244,   0.0023, 0
A,  219, PHE,  0.0530,  -0.3499,   0.0011, 0
A,  220, LEU,  0.1061,  -0.3203,   0.0025, 0
A,  221, ASN,  0.1394,  -0.3018,   0.0039, 0
A,  222, ARG,  0.0936,  -0.3273,   0.0021, 0
A,  223, PHE,  0.2552,  -0.2372,   0.0105, 0
A,  224, THR,  0.1600,  -0.2903,   0.0048, 0
A,  225, THR,  0.1443,  -0.2990,   0.0041, 0
A,  226, THR,  0.0610,  -0.3455,   0.0013, 0
A,  227, LEU,  0.0167,  -0.3701,   0.0004, 0
A,  228, ASN,  0.0154,  -0.3709,   0.0004, 0
A,  229, ASP,  0.0339,  -0.3606,   0.0007, 0
A,  230, PHE,  0.0014,  -0.3787,   0.0002, 0
A,  231, ASN,  0.0183,  -0.3693,   0.0005, 0
A,  232, LEU,  0.0315,  -0.3619,   0.0007, 0
A,  233, VAL,  0.0197,  -0.3685,   0.0005, 0
A,  234, ALA,  0.0132,  -0.3721,   0.0004, 0
A,  235, MET,  0.0637,  -0.3439,   0.0013, 0
A,  236, LYS,  0.0422,  -0.3559,   0.0009, 0
A,  237, TYR,  0.3823,  -0.1664,   0.0217, 0
A,  238, ASN,  0.0542,  -0.3493,   0.0011, 0
A,  239, TYR,  0.5774,  -0.0576,   0.0476, 0
A,  240, GLU,  0.6849,   0.0023,   0.0667, 3
A,  241, PRO,  0.5133,  -0.0934,   0.0378, 0
A,  242, LEU,  0.0197,  -0.3685,   0.0005, 0
A,  243, THR,  0.0749,  -0.3377,   0.0016, 0
A,  244, GLN,  0.0526,  -0.3501,   0.0011, 0
A,  245, ASP,  0.2267,  -0.2531,   0.0085, 3
A,  246, HIS,  1.7641,   0.6038,   0.3545, 3
A,  247, VAL,  0.1646,  -0.2877,   0.0050, 0
A,  248, ASP,  0.0372,  -0.3587,   0.0008, 0
A,  249, ILE,  0.5221,  -0.0884,   0.0391, 3
A,  250, LEU,  0.1082,  -0.3192,   0.0026, 0
A,  251, GLY,  0.0589,  -0.3466,   0.0012, 0
A,  252, PRO,  0.1925,  -0.2722,   0.0064, 0
A,  253, LEU,  0.2057,  -0.2648,   0.0072, 0
A,  254, SER,  0.1819,  -0.2781,   0.0059, 0
A,  255, ALA,  0.0305,  -0.3625,   0.0007, 0
A,  256, GLN,  0.2060,  -0.2646,   0.0072, 0
A,  257, THR,  0.0477,  -0.3529,   0.0010, 0
A,  258, GLY,  0.0535,  -0.3496,   0.0011, 0
A,  259, ILE,  0.2041,  -0.2657,   0.0071, 0
A,  260, ALA,  0.2269,  -0.2530,   0.0085, 0
A,  261, VAL,  0.2013,  -0.2673,   0.0069, 0
A,  262, LEU,  0.1812,  -0.2785,   0.0058, 0
A,  263, ASP,  0.0698,  -0.3405,   0.0015, 0
A,  264, MET,  0.0275,  -0.3641,   0.0006, 0
A,  265, CYS,  0.0270,  -0.3644,   0.0006, 0
A,  266, ALA,  0.1624,  -0.2889,   0.0049, 0
A,  267, SER,  0.0877,  -0.3306,   0.0020, 0
A,  268, LEU,  0.0738,  -0.3383,   0.0016, 0
A,  269, LYS,  0.1535,  -0.2939,   0.0045, 0
A,  270, GLU,  0.1691,  -0.2852,   0.0052, 0
A,  271, LEU,  0.3409,  -0.1895,   0.0176, 0
A,  272, LEU,  0.4447,  -0.1316,   0.0288, 0
A,  273, GLN,  0.0365,  -0.3591,   0.0008, 0
A,  274, ASN,  0.1211,  -0.3119,   0.0031, 0
A,  275, GLY,  0.1724,  -0.2834,   0.0054, 0
A,  276, MET,  0.2722,  -0.2278,   0.0117, 0
A,  277, ASN,  0.1467,  -0.2977,   0.0042, 0
A,  278, GLY,  0.1040,  -0.3215,   0.0025, 0
A,  279, ARG,  0.1494,  -0.2962,   0.0043, 0
A,  280, THR,  0.0816,  -0.3340,   0.0018, 0
A,  281, ILE,  0.0478,  -0.3528,   0.0010, 0
A,  282, LEU,  2.0467,   0.7614,   0.4244, 6
A,  283, GLY,  0.5455,  -0.0754,   0.0426, 4
A,  284, SER,  0.4432,  -0.1324,   0.0286, 4
A,  285, ALA,  0.2923,  -0.2165,   0.0134, 0
A,  286, LEU,  0.7957,   0.0641,   0.0902, 9
A,  287, LEU,  0.9438,   0.1466,   0.1263, 0
A,  288, GLU,  1.0174,   0.1876,   0.1456, 9
A,  289, ASP,  0.8679,   0.1043,   0.1072, 0
A,  290, GLU,  0.5302,  -0.0839,   0.0403, 9
A,  291, PHE,  2.3345,   0.9218,   0.4879, 6
A,  292, THR,  1.0047,   0.1805,   0.1422, 3
A,  293, PRO,  0.8428,   0.0903,   0.1012, 3
A,  294, PHE,  0.8672,   0.1039,   0.1071, 3
A,  295, ASP,  0.6237,  -0.0318,   0.0553, 7
A,  296, VAL,  1.3180,   0.3552,   0.2301, 0
A,  297, VAL,  0.3292,  -0.1960,   0.0165, 0
A,  298, ARG,  1.4181,   0.4110,   0.2591, 0
A,  299, GLN,  1.9154,   0.6882,   0.3927, 6
A,  300, CYS,  2.1554,   0.8220,   0.4489, 6
B,    3, PHE,  1.0674,   0.2155,   0.1592, 4
B,    4, ARG,  1.1819,   0.2794,   0.1912, 9
B,    5, LYS,  1.8095,   0.6291,   0.3661, 4
B,    6, MET,  1.0297,   0.1945,   0.1489, 8
B,    7, ALA,  0.1565,  -0.2922,   0.0046, 8
B,    8, PHE,  0.7631,   0.0459,   0.0829, 8
B,    9, PRO,  0.4350,  -0.1370,   0.0277, 0
B,   10, SER,  0.1195,  -0.3129,   0.0030, 0
B,   11, GLY,  0.3373,  -0.1915,   0.0173, 0
B,   12, LYS,  1.0129,   0.1852,   0.1444, 0
B,   13, VAL,  0.1571,  -0.2919,   0.0046, 0
B,   14, GLU,  1.0666,   0.2151,   0.1590, 0
B,   15, GLY,  0.6691,  -0.0065,   0.0636, 0
B,   16, CYS,  0.4155,  -0.1478,   0.0253, 0
B,   17, MET,  0.5209,  -0.0891,   0.0389, 0
B,   18, VAL,  0.5112,  -0.0945,   0.0375, 0
B,   19, GLN,  0.0847,  -0.3323,   0.0019, 0
B,   20, VAL,  0.0000,  -0.3795,   0.0002, 0
B,   21, THR,  0.0956,  -0.3262,   0.0022, 0
B,   22, CYS,  0.6768,  -0.0022,   0.0651, 0
B,   23, GLY,  0.6566,  -0.0135,   0.0612, 0
B,   24, THR,  0.4430,  -0.1325,   0.0286, 0
B,   25, THR,  1.7877,   0.6170,   0.3605, 2
B,   26, THR,  1.0929,   0.2297,   0.1662, 2
B,   27, LEU,  0.9817,   0.1677,   0.1361, 0
B,   28, ASN,  0.0040,  -0.3772,   0.0003, 0
B,   29, GLY,  0.0000,  -0.3795,   0.0002, 0
B,   30, LEU,  0.0000,  -0.3795,   0.0002, 0
B,   31, TRP,  0.5065,  -0.0971,   0.0368, 0
B,   32, LEU,  0.3266,  -0.1974,   0.0163, 0
B,   33, ASP,  0.3272,  -0.1971,   0.0163, 0
B,   34, ASP,  0.1022,  -0.3225,   0.0024, 0
B,   35, VAL,  0.3826,  -0.1662,   0.0217, 0
B,   36, VAL,  0.0000,  -0.3795,   0.0002, 0
B,   37, TYR,  0.6537,  -0.0151,   0.0607, 0
B,   38, CYS,  0.0000,  -0.3795,   0.0002, 0
B,   39, PRO,  0.0000,  -0.3795,   0.0002, 0
B,   40, ARG,  0.4766,  -0.1138,   0.0328, 0
B,   41, HIS,  3.5216,   1.5835,   0.6857, 2
B,   42, VAL,  0.6327,  -0.0268,   0.0570, 0
B,   43, ILE,  0.3433,  -0.1881,   0.0179, 0
B,   44, CYS,  0.4619,  -0.1220,   0.0309, 0
B,   45, THR,  0.2595,  -0.2348,   0.0108, 0
B,   46, SER,  0.3436,  -0.1879,   0.0179, 2
B,   47, GLU,  0.0092,  -0.3743,   0.0003, 0
B,   48, ASP,  0.0525,  -0.3502,   0.0011, 0
B,   49, MET,  2.4201,   0.9695,   0.5059, 2
B,   50, LEU,  0.0155,  -0.3708,   0.0004, 0
B,   51, ASN,  0.0242,  -0.3660,   0.0006, 0
B,   52, PRO,  0.0440,  -0.3549,   0.0009, 0
B,   53, ASN,  0.0182,  -0.3693,   0.0005, 0
B,   54, TYR,  0.3691,  -0.1737,   0.0203, 0
B,   55, GLU,  0.0974,  -0.3252,   0.0022, 0
B,   56, ASP,  0.0380,  -0.3583,   0.0008, 0
B,   57, LEU,  0.0514,  -0.3508,   0.0010, 0
B,   58, LEU,  0.0629,  -0.3444,   0.0013, 0
B,   59, ILE,  0.0655,  -0.3429,   0.0014, 0
B,   60, ARG,  0.1361,  -0.3036,   0.0037, 0
B,   61, LYS,  0.7442,   0.0354,   0.0789, 0
B,   62, SER,  0.0734,  -0.3386,   0.0016, 0
B,   63, ASN,  0.0622,  -0.3448,   0.0013, 0
B,   64, HIS,  0.1028,  -0.3222,   0.0024, 0
B,   65, ASN,  0.5499,  -0.0730,   0.0433, 0
B,   66, PHE,  0.0654,  -0.3430,   0.0014, 0
B,   67, LEU,  0.0935,  -0.3274,   0.0021, 0
B,   68, VAL,  0.0158,  -0.3707,   0.0004, 0
B,   69, GLN,  0.1974,  -0.2694,   0.0067, 0
B,   70, ALA,  0.5995,  -0.0453,   0.0512, 0
B,   71, GLY,  0.4722,  -0.1163,   0.0322, 0
B,   72, ASN,  0.1388,  -0.3021,   0.0038, 0
B,   73, VAL,  0.0793,  -0.3352,   0.0017, 0
B,   74, GLN,  0.0879,  -0.3305,   0.0020, 0
B,   75, LEU,  0.0792,  -0.3353,   0.0017, 0
B,   76, ARG,  0.0324,  -0.3614,   0.0007, 0
B,   77, VAL,  0.0230,  -0.3666,   0.0005, 0
B,   78, ILE,  0.0452,  -0.3543,   0.0009, 0
B,   79, GLY,  0.0411,  -0.3565,   0.0008, 0
B,   80, HIS,  0.1138,  -0.3160,   0.0028, 0
B,   81, SER,  0.2706,  -0.2286,   0.0116, 0
B,   82, MET,  0.1251,  -0.3097,   0.0033, 0
B,   83, GLN,  0.4061,  -0.1531,   0.0242, 0
B,   84, ASN,  0.4971,  -0.1024,   0.0355, 0
B,   85, CYS,  0.4936,  -0.1043,   0.0350, 0
B,   86, VAL,  0.0000,  -0.3795,   0.0002, 0
B,   87, LEU,  0.0000,  -0.3795,   0.0002, 0
B,   88, LYS,  0.4969,  -0.1025,   0.0355, 0
B,   89, LEU,  0.0535,  -0.3496,   0.0011, 0
B,   90, LYS,  0.2242,  -0.2545,   0.0083, 0
B,   91, VAL,  0.0044,  -0.3770,   0.0003, 0
B,   92, ASP,  0.0106,  -0.3736,   0.0004, 0
B,   93, THR,  0.0608,  -0.3455,   0.0013, 0
B,   94, ALA,  0.0176,  -0.3697,   0.0005, 0
B,   95, ASN,  0.2836,  -0.2214,   0.0126, 0
B,   96, PRO,  0.1376,  -0.3027,   0.0038, 0
B,   97, LYS,  0.4961,  -0.1029,   0.0354, 0
B,   98, THR,  0.0377,  -0.3585,   0.0008, 0
B,   99, PRO,  0.0802,  -0.3347,   0.0017, 0
B,  100, LYS,  0.1759,  -0.2814,   0.0055, 0
B,  101, TYR,  0.6195,  -0.0341,   0.0546, 0
B,  102, LYS,  0.2507,  -0.2397,   0.0102, 0
B,  103, PHE,  0.6205,  -0.0336,   0.0548, 0
B,  104, VAL,  0.6467,  -0.0190,   0.0594, 0
B,  105, ARG,  0.6010,  -0.0445,   0.0514, 0
B,  106, ILE,  0.6982,   0.0097,   0.0693, 0
B,  107, GLN,  0.8638,   0.1020,   0.1062, 1
B,  108, PRO,  2.3378,   0.9236,   0.4886, 1
B,  109, GLY,  2.1307,   0.8082,   0.4433, 1
B,  110, GLN,  2.2992,   0.9021,   0.4807, 1
B,  111, THR,  0.7897,   0.0607,   0.0888, 0
B,  112, PHE,  0.2620,  -0.2334,   0.0110, 0
B,  113, SER,  0.1020,  -0.3226,   0.0024, 0
B,  114, VAL,  0.0000,  -0.3795,   0.0002, 0
B,  115, LEU,  0.0000,  -0.3795,   0.0002, 0
B,  116, ALA,  0.2471,  -0.2417,   0.0099, 0
B,  117, CYS,  0.0445,  -0.3546,   0.0009, 0
B,  118, TYR,  0.5693,  -0.0621,   0.0463, 0
B,  119, ASN,  0.1611,  -0.2897,   0.0048, 0
B,  120, GLY,  0.3079,  -0.2078,   0.0146, 0
B,  121, SER,  0.4756,  -0.1144,   0.0326, 0
B,  122, PRO,  0.9029,   0.1238,   0.1159, 0
B,  123, SER,  1.1956,   0.2870,   0.1950, 0
B,  124, GLY,  0.6586,  -0.0123,   0.0616, 0
B,  125, VAL,  0.2473,  -0.2416,   0.0099, 0
B,  126, TYR,  0.1261,  -0.3092,   0.0033, 0
B,  127, GLN,  0.5702,  -0.0616,   0.0464, 8
B,  128, CYS,  0.0121,  -0.3727,   0.0004, 0
B,  129, ALA,  0.0000,  -0.3795,   0.0002, 0
B,  130, MET,  0.0093,  -0.3743,   0.0003, 0
B,  131, ARG,  0.7472,   0.0370,   0.0795, 0
B,  132, PRO,  0.9557,   0.1532,   0.1293, 1
B,  133, ASN,  0.2334,  -0.2494,   0.0090, 0
B,  134, PHE,  0.2021,  -0.2668,   0.0070, 0
B,  135, THR,  0.1864,  -0.2756,   0.0061, 0
B,  136, ILE,  0.0646,  -0.3435,   0.0013, 0
B,  137, LYS,  1.0376,   0.1989,   0.1510, 4
B,  138, GLY,  0.3416,  -0.1890,   0.0177, 6
B,  139, SER,  0.6598,  -0.0117,   0.0618, 6
B,  140, PHE,  0.5735,  -0.0598,   0.0470, 0
B,  141, LEU,  0.7141,   0.0186,   0.0726, 0
B,  142, ASN,  2.7342,   1.1446,   0.5659, 2
B,  143, GLY,  0.9342,   0.1413,   0.1238, 2
B,  144, SER,  0.6685,  -0.0069,   0.0635, 0
B,  145, CYS,  3.6610,   1.6612,   0.7035, 2
B,  146, GLY,  0.0000,  -0.3795,   0.0002, 0
B,  147, SER,  0.0000,  -0.3795,   0.0002, 0
B,  148, VAL,  0.0000,  -0.3795,   0.0002, 0
B,  149, GLY,  0.0000,  -0.3795,   0.0002, 0
B,  150, PHE,  0.2154,  -0.2594,   0.0078, 0
B,  151, ASN,  1.1892,   0.2834,   0.1932, 8
B,  152, ILE,  0.5984,  -0.0459,   0.0510, 8
B,  153, ASP,  0.8910,   0.1172,   0.1129, 8
B,  154, TYR,  0.5736,  -0.0597,   0.0470, 0
B,  155, ASP,  0.1784,  -0.2800,   0.0057, 0
B,  156, CYS,  0.1799,  -0.2792,   0.0057, 0
B,  157, VAL,  0.0085,  -0.3747,   0.0003, 0
B,  158, SER,  0.7273,   0.0260,   0.0754, 0
B,  159, PHE,  0.2849,  -0.2207,   0.0127, 0
B,  160, CYS,  0.5220,  -0.0885,   0.0391, 0
B,  161, TYR,  0.0043,  -0.3770,   0.0003, 0
B,  162, MET,  0.0000,  -0.3795,   0.0002, 0
B,  163, HIS,  0.2428,  -0.2441,   0.0096, 0
B,  164, HIS,  2.8779,   1.2247,   0.5910, 2
B,  165, MET,  2.7578,   1.1577,   0.5703, 2
B,  166, GLU,  1.6764,   0.5549,   0.3311, 2
B,  167, LEU,  0.0334,  -0.3609,   0.0007, 0
B,  168, PRO,  0.0369,  -0.3589,   0.0008, 0
B,  169, THR,  0.1951,  -0.2707,   0.0066, 0
B,  170, GLY,  0.2013,  -0.2673,   0.0069, 0
B,  171, VAL,  0.3141,  -0.2044,   0.0152, 0
B,  172, HIS,  0.3703,  -0.1731,   0.0204, 0
B,  173, ALA,  0.0000,  -0.3795,   0.0002, 0
B,  174, GLY,  0.0000,  -0.3795,   0.0002, 0
B,  175, THR,  0.0210,  -0.3678,   0.0005, 0
B,  176, ASP,  0.0517,  -0.3506,   0.0011, 0
B,  177, LEU,  0.1409,  -0.3009,   0.0039, 0
B,  178, GLU,  0.1882,  -0.2746,   0.0062, 0
B,  179, GLY,  0.1631,  -0.2886,   0.0049, 0
B,  180, ASN,  0.1892,  -0.2740,   0.0062, 0
B,  181, PHE,  0.5695,  -0.0620,   0.0463, 0
B,  182, TYR,  0.1912,  -0.2729,   0.0064, 0
B,  183, GLY,  0.2297,  -0.2514,   0.0087, 0
B,  184, PRO,  0.1692,  -0.2851,   0.0052, 0
B,  185, PHE,  0.1994,  -0.2683,   0.0068, 0
B,  186, VAL,  0.4512,  -0.1280,   0.0296, 0
B,  187, ASP,  0.4474,  -0.1301,   0.0291, 0
B,  188, ARG,  0.1394,  -0.3018,   0.0039, 0
B,  189, GLN,  0.1792,  -0.2796,   0.0057, 2
B,  190, THR,  0.0452,  -0.3542,   0.0009, 0
B,  191, ALA,  0.0191,  -0.3688,   0.0005, 0
B,  192, GLN,  0.0414,  -0.3564,   0.0008, 0
B,  193, ALA,  0.0209,  -0.3678,   0.0005, 0
B,  194, ALA,  0.1976,  -0.2693,   0.0067, 0
B,  195, GLY,  0.2002,  -0.2679,   0.0069, 0
B,  196, THR,  0.0386,  -0.3579,   0.0008, 0
B,  197, ASP,  0.4756,  -0.1143,   0.0326, 4
B,  198, THR,  0.1485,  -0.2967,   0.0043, 4
B,  199, THR,  1.1182,   0.2438,   0.1733, 4
B,  200, ILE,  2.2486,   0.8739,   0.4699, 1
B,  201, THR,  0.9816,   0.1677,   0.1361, 0
B,  202, VAL,  2.5047,   1.0166,   0.5230, 1
B,  203, ASN,  1.8585,   0.6565,   0.3787, 1
B,  204, VAL,  0.0878,  -0.3305,   0.0020, 0
B,  205, LEU,  0.0000,  -0.3795,   0.0002, 0
B,  206, ALA,  0.0000,  -0.3795,   0.0002, 0
B,  207, TRP,  0.0871,  -0.3309,   0.0019, 0
B,  208, LEU,  0.0000,  -0.3795,   0.0002, 0
B,  209, TYR,  0.2462,  -0.2422,   0.0098, 0
B,  210, ALA,  0.0059,  -0.3762,   0.0003, 0
B,  211, ALA,  0.0025,  -0.3780,   0.0003, 0
B,  212, VAL,  0.0131,  -0.3722,   0.0004, 0
B,  213, ILE,  0.0456,  -0.3541,   0.0009, 0
B,  214, ASN,  0.3279,  -0.1967,   0.0164, 0
B,  215, GLY,  0.0206,  -0.3680,   0.0005, 0
B,  216, ASP,  0.2348,  -0.2486,   0.0091, 0
B,  217, ARG,  0.0870,  -0.3310,   0.0019, 0
B,  218, TRP,  0.2498,  -0.2402,   0.0101, 0
B,  219, PHE,  0.1225,  -0.3112,   0.0032, 0
B,  220, LEU,  0.1752,  -0.2818,   0.0055, 0
B,  221, ASN,  0.3067,  -0.2085,   0.0145, 0
B,  222, ARG,  0.0350,  -0.3599,   0.0007, 0
B,  223, PHE,  0.3845,  -0.1651,   0.0219, 0
B,  224, THR,  0.2946,  -0.2152,   0.0135, 0
B,  225, THR,  0.2910,  -0.2172,   0.0132, 0
B,  226, THR,  0.1421,  -0.3003,   0.0040, 0
B,  227, LEU,  0.1349,  -0.3042,   0.0037, 0
B,  228, ASN,  0.0914,  -0.3285,   0.0021, 0
B,  229, ASP,  0.1263,  -0.3090,   0.0033, 0
B,  230, PHE,  0.0244,  -0.3659,   0.0006, 0
B,  231, ASN,  0.0795,  -0.3351,   0.0017, 0
B,  232, LEU,  0.0760,  -0.3371,   0.0016, 0
B,  233, VAL,  0.3451,  -0.1871,   0.0180, 0
B,  234, ALA,  0.0203,  -0.3682,   0.0005, 0
B,  235, MET,  0.0873,  -0.3308,   0.0019, 0
B,  236, LYS,  0.0685,  -0.3413,   0.0014, 0
B,  237, TYR,  0.1815,  -0.2783,   0.0058, 4
B,  238, ASN,  0.0523,  -0.3503,   0.0011, 4
B,  239, TYR,  0.3182,  -0.2021,   0.0155, 0
B,  240, GLU,  1.3204,   0.3565,   0.2308, 1
B,  241, PRO,  0.9867,   0.1705,   0.1374, 0
B,  242, LEU,  0.1565,  -0.2922,   0.0046, 0
B,  243, THR,  0.0856,  -0.3318,   0.0019, 0
B,  244, GLN,  0.0838,  -0.3328,   0.0018, 0
B,  245, ASP,  0.0252,  -0.3654,   0.0006, 0
B,  246, HIS,  2.5113,   1.0203,   0.5243, 1
B,  247, VAL,  0.5061,  -0.0974,   0.0368, 0
B,  248, ASP,  0.0413,  -0.3565,   0.0008, 0
B,  249, ILE,  0.9622,   0.1569,   0.1310, 1
B,  250, LEU,  0.0718,  -0.3395,   0.0015, 0
B,  251, GLY,  0.3070,  -0.2084,   0.0146, 0
B,  252, PRO,  0.0989,  -0.3244,   0.0023, 0
B,  253, LEU,  0.0577,  -0.3473,   0.0012, 0
B,  254, SER,  0.4167,  -0.1472,   0.0254, 0
B,  255, ALA,  0.0566,  -0.3479,   0.0012, 0
B,  256, GLN,  0.0424,  -0.3558,   0.0009, 0
B,  257, THR,  0.0153,  -0.3710,   0.0004, 0
B,  258, GLY,  0.0401,  -0.3571,   0.0008, 0
B,  259, ILE,  0.4727,  -0.1160,   0.0322, 0
B,  260, ALA,  0.6205,  -0.0336,   0.0548, 0
B,  261, VAL,  0.6097,  -0.0396,   0.0529, 0
B,  262, LEU,  0.6252,  -0.0310,   0.0556, 0
B,  263, ASP,  0.2034,  -0.2661,   0.0071, 0
B,  264, MET,  0.0598,  -0.3461,   0.0012, 0
B,  265, CYS,  0.0500,  -0.3516,   0.0010, 0
B,  266, ALA,  0.2361,  -0.2479,   0.0091, 0
B,  267, SER,  0.0530,  -0.3499,   0.0011, 0
B,  268, LEU,  0.0191,  -0.3688,   0.0005, 0
B,  269, LYS,  0.5418,  -0.0774,   0.0421, 0
B,  270, GLU,  0.5225,  -0.0882,   0.0392, 0
B,  271, LEU,  0.4052,  -0.1536,   0.0241, 0
B,  272, LEU,  0.4193,  -0.1457,   0.0257, 0
B,  273, GLN,  0.2824,  -0.2220,   0.0125, 0
B,  274, ASN,  0.6581,  -0.0127,   0.0615, 0
B,  275, GLY,  0.5811,  -0.0555,   0.0483, 0
B,  276, MET,  0.5296,  -0.0842,   0.0402, 0
B,  277, ASN,  0.4292,  -0.1402,   0.0269, 0
B,  278, GLY,  0.1708,  -0.2843,   0.0053, 0
B,  279, ARG,  0.4177,  -0.1466,   0.0256, 0
B,  280, THR,  0.3727,  -0.1717,   0.0207, 0
B,  281, ILE,  0.4335,  -0.1378,   0.0275, 0
B,  282, LEU,  0.7593,   0.0438,   0.0821, 9
B,  283, GLY,  1.2066,   0.2931,   0.1982, 4
B,  284, SER,  0.7946,   0.0635,   0.0899, 4
B,  285, ALA,  0.5341,  -0.0817,   0.0409, 0
B,  286, LEU,  0.6415,  -0.0219,   0.0585, 4
B,  287, LEU,  0.9202,   0.1335,   0.1204, 4
B,  288, GLU,  1.2557,   0.3205,   0.2122, 4
B,  289, ASP,  0.8279,   0.0820,   0.0977, 4
B,  290, GLU,  0.6834,   0.0015,   0.0664, 4
B,  291, PHE,  0.3602,  -0.1787,   0.0194, 0
B,  292, THR,  0.6558,  -0.0139,   0.0611, 1
B,  293, PRO,  0.5528,  -0.0713,   0.0437, 1
B,  294, PHE,  0.7000,   0.0107,   0.0697, 8
B,  295, ASP,  0.5303,  -0.0839,   0.0403, 8
B,  296, VAL,  0.0302,  -0.3626,   0.0006, 0
B,  297, VAL,  0.0931,  -0.3276,   0.0021, 0
B,  298, ARG,  0.9825,   0.1682,   0.1363, 8
B,  299, GLN,  1.0304,   0.1949,   0.1491, 8
B,  300, CYS,  0.2002,  -0.2679,   0.0069, 0
